-- REVIEW THE INSERTS FOR PERSON

--Users
INSERT INTO person VALUES ('mario.rossi@example.com','Mario','Rossi','d41d8cd98f00b204e9800998ecf8427e','RSSMRO0000000000',TO_DATE('01/01/1970','DD/MM/YYYY'),'3000000001','Address of Mario Rossi',null);
INSERT INTO person VALUES ('riccardo.bianchi@example.com','Riccardo','Bianchi','d41d8cd98f00b204e9800998ecf8427e','RCRBNC0000000000',TO_DATE('01/02/1970','DD/MM/YYYY'),'3000000002','Address of Riccardo Bianchi',null);
INSERT INTO person VALUES ('luca.giallo@example.com','Luca','Giallo','d41d8cd98f00b204e9800998ecf8427e','LCLGLL0000000000',TO_DATE('01/03/1970','DD/MM/YYYY'),'3000000003','Address of Luca Giallo',null);
INSERT INTO person VALUES ('stanley.corkery@example.com','Stanley','Corkery','d41d8cd98f00b204e9800998ecf8427e','GARCDBJVHEVHIILY',TO_DATE('21/02/1982','DD/MM/YYYY'),'8524881756','304 Jason Mills, Gradymouth, OK 59441',NULL);
INSERT INTO person VALUES ('virginia.barrows@example.com','Virginia','Barrows','d41d8cd98f00b204e9800998ecf8427e','PHDMJRPQFLCGNXVF',TO_DATE('26/01/1988','DD/MM/YYYY'),'0195723168','7610 Kling Drive, Port Nealborough, MA 60511-1715',NULL);
INSERT INTO person VALUES ('sondra.dubuque@example.com','Sondra','DuBuque','d41d8cd98f00b204e9800998ecf8427e','E4FHUQGI8YSMXC9O',TO_DATE('18/03/1999','DD/MM/YYYY'),'5280680379','Apt. 686 90669 Schroeder Center, Vivienfort, ID 47685',NULL);
INSERT INTO person VALUES ('bart.collins@example.com','Bart','Collins','d41d8cd98f00b204e9800998ecf8427e','YOY6TKBDKLICSDBB',TO_DATE('20/11/1993','DD/MM/YYYY'),'9849796961','61356 Erin Harbor, Lake Sherman, IL 47716',NULL);
INSERT INTO person VALUES ('cristi.schaden@example.com','Cristi','Schaden','d41d8cd98f00b204e9800998ecf8427e','DI2RTBAM8YWBSI5R',TO_DATE('14/06/1993','DD/MM/YYYY'),'8696726751','0149 Goyette Ports, West Crystalhaven, MN 53493',NULL);
INSERT INTO person VALUES ('alonzo.lindgren@example.com','Alonzo','Lindgren','d41d8cd98f00b204e9800998ecf8427e','MQRCLW9GUXOEOCZE',TO_DATE('02/08/1987','DD/MM/YYYY'),'0537593185','3249 Tanna Motorway, West Marlena, AK 22530',NULL);
INSERT INTO person VALUES ('bao.glover@example.com','Bao','Glover','d41d8cd98f00b204e9800998ecf8427e','W3CT5DQZUF3OIO2E',TO_DATE('03/12/1964','DD/MM/YYYY'),'6742914291','Suite 500 383 Myung Isle, West Hazelfort, KS 54896-0334',NULL);
INSERT INTO person VALUES ('altha.ruecker@example.com','Altha','Ruecker','d41d8cd98f00b204e9800998ecf8427e','7IM7ZA79M0JKEDOE',TO_DATE('27/09/1959','DD/MM/YYYY'),'7216835609','34074 Luciano Loaf, Timton, IN 24432-9964',NULL);
INSERT INTO person VALUES ('giacomo.forza@example.com','Giacomo','Forza','d41d8cd98f00b204e9800998ecf8427e','GCMFRZ0000000000',TO_DATE('01/06/1980','DD/MM/YYYY'),'3000000004','Address of Giacomo Forza',null);
INSERT INTO person VALUES ('shery.stamm@example.com','Shery','Stamm','d41d8cd98f00b204e9800998ecf8427e','WTUZV4V1DE1UFFUI',TO_DATE('17/10/1970','DD/MM/YYYY'),'6161813924','86778 Bogisich Road, Zoeview, AK 87873-9690',NULL);
INSERT INTO person VALUES ('nathanial.prohaska@example.com','Nathanial','Prohaska','d41d8cd98f00b204e9800998ecf8427e','RE1BE14AWWYX2Y4L',TO_DATE('06/01/1961','DD/MM/YYYY'),'1396809182','Suite 023 30803 Nader Valleys, Sengerville, PA 07282-1307',NULL);
INSERT INTO person VALUES ('annis.dach@example.com','Annis','Dach','d41d8cd98f00b204e9800998ecf8427e','IPYMLKCHRMOKJODO',TO_DATE('10/03/1990','DD/MM/YYYY'),'2220710877','Apt. 119 610 Kyle Vista, Dorcasborough, AZ 07445',NULL);
INSERT INTO person VALUES ('cyrus.hammes@example.com','Cyrus','Hammes','d41d8cd98f00b204e9800998ecf8427e','KJADPAVW8KX5S0UQ',TO_DATE('22/02/1985','DD/MM/YYYY'),'0519398218','Apt. 168 747 Daniel Glen, East Keenan, OH 35920',NULL);
INSERT INTO person VALUES ('alfonso.gibson@example.com','Alfonso','Gibson','d41d8cd98f00b204e9800998ecf8427e','RURTNQXG5SNSRLFC',TO_DATE('26/02/1973','DD/MM/YYYY'),'1559357297','5964 Lori Stravenue, Port Tyreeborough, AR 17660',NULL);
INSERT INTO person VALUES ('carmine.sipes@example.com','Carmine','Sipes','d41d8cd98f00b204e9800998ecf8427e','LCRKVACORBCT753D',TO_DATE('04/06/1997','DD/MM/YYYY'),'8151088748','99860 Lavonne Mall, New Lloyd, DE 43817-1522',NULL);
INSERT INTO person VALUES ('dorris.trantow@example.com','Dorris','Trantow','d41d8cd98f00b204e9800998ecf8427e','BQQWDHZRKXT9A5YI',TO_DATE('30/10/1983','DD/MM/YYYY'),'6740753156','9688 Pacocha Port, New Bryan, IN 26529',NULL);
INSERT INTO person VALUES ('kraig.larkin@example.com','Kraig','Larkin','d41d8cd98f00b204e9800998ecf8427e','T9XQHGBJ2NOYFJ0X',TO_DATE('31/12/1996','DD/MM/YYYY'),'0488874925','Apt. 444 157 Roob Bridge, South Earlean, CO 81294-2901',NULL);

--Type of Roles
INSERT INTO typeofroles VALUES  ('trainee');
INSERT INTO typeofroles VALUES  ('trainer');
INSERT INTO typeofroles VALUES  ('secretary');

--Roles Persons
INSERT INTO personroles VALUES ('mario.rossi@example.com','trainee');
INSERT INTO personroles VALUES ('riccardo.bianchi@example.com','trainee');
INSERT INTO personroles VALUES ('luca.giallo@example.com','trainee');
INSERT INTO personroles VALUES ('stanley.corkery@example.com','trainee');
INSERT INTO personroles VALUES ('virginia.barrows@example.com','trainee');
INSERT INTO personroles VALUES ('sondra.dubuque@example.com','trainee');
INSERT INTO personroles VALUES ('bart.collins@example.com','trainee');
INSERT INTO personroles VALUES ('cristi.schaden@example.com','trainee');
INSERT INTO personroles VALUES ('alonzo.lindgren@example.com','trainee');
INSERT INTO personroles VALUES ('bao.glover@example.com','trainee');
INSERT INTO personroles VALUES ('altha.ruecker@example.com','trainee');
INSERT INTO personroles VALUES ('giacomo.forza@example.com','trainer');
INSERT INTO personroles VALUES ('shery.stamm@example.com','trainer');
INSERT INTO personroles VALUES ('nathanial.prohaska@example.com','trainer');
INSERT INTO personroles VALUES ('annis.dach@example.com','trainer');
INSERT INTO personroles VALUES ('cyrus.hammes@example.com','trainer');
INSERT INTO personroles VALUES ('alfonso.gibson@example.com','secretary');
INSERT INTO personroles VALUES ('carmine.sipes@example.com','secretary');
INSERT INTO personroles VALUES ('dorris.trantow@example.com','secretary');
INSERT INTO personroles VALUES ('kraig.larkin@example.com','secretary');

--Medical certificate
INSERT INTO medicalcertificate VALUES ('mario.rossi@example.com',TO_DATE('01/01/2023','DD/MM/YYYY'),'Doctor Sport', 'FAKE_PATH_FOR_FILE');
INSERT INTO medicalcertificate VALUES ('riccardo.bianchi@example.com',TO_DATE('01/01/2023','DD/MM/YYYY'),'Doctor Sport', 'FAKE_PATH_FOR_FILE');
INSERT INTO medicalcertificate VALUES ('luca.giallo@example.com',TO_DATE('01/01/2023','DD/MM/YYYY'),'Doctor Sport', 'FAKE_PATH_FOR_FILE');
--Missing

--Courses
INSERT INTO course VALUES ('Powerlifting','Powerlifting is a strength sport that consists of three attempts at maximal weight on three lifts: squat, bench press, and deadlift. As in the sport of Olympic weightlifting, it involves the athlete attempting a maximal weight single-lift effort of a barbell loaded with weight plates.');
INSERT INTO course VALUES ('Cardio','Cardio exercise is any exercise that raises your heart rate. Face it our bodies were made to move.');
INSERT INTO course VALUES ('Yoga','Yoga is an ancient practice that involves physical poses, concentration, and deep breathing.');
INSERT INTO course VALUES ('Crossfit','A form of high intensity interval training, CrossFit is a strength and conditioning workout that is made up of functional movement performed at a high intensity level.');
INSERT INTO course VALUES ('Bodybuilding','Bodybuilding, a regimen of exercises designed to enhance the human body''s muscular development and promote general health and fitness. As a competitive activity, bodybuilding aims to display in artistic fashion pronounced muscle mass, symmetry, and definition for overall aesthetic effect.');
INSERT INTO course VALUES ('Calisthenics','Calisthenics is a form of strength training consisting of a variety of movements that exercise large muscle groups (gross motor movements), such as standing, grasping, pushing, etc. These exercises are often performed rhythmically and with minimal equipment, as bodyweight exercises.');

--CourseEdition
INSERT INTO courseedition VALUES (1, 'Powerlifting');
INSERT INTO courseedition VALUES (2, 'Cardio');
INSERT INTO courseedition VALUES (3, 'Yoga');
INSERT INTO courseedition VALUES (4, 'Crossfit');
INSERT INTO courseedition VALUES (5, 'Bodybuilding');
INSERT INTO courseedition VALUES (6, 'Calisthenics');

--Course
INSERT INTO teaches VALUES (1,'Powerlifting','giacomo.forza@example.com');
INSERT INTO teaches VALUES (2,'Cardio','nathanial.prohaska@example.com');
INSERT INTO teaches VALUES (3,'Yoga','shery.stamm@example.com');
INSERT INTO teaches VALUES (4,'Crossfit','nathanial.prohaska@example.com');
INSERT INTO teaches VALUES (5,'Bodybuilding','cyrus.hammes@example.com');
INSERT INTO teaches VALUES (6,'Calisthenics','annis.dach@example.com');


--Room
--LectureTimeSlot
--Reservation
--SubscriptionType
--Subscription



INSERT INTO room VALUES ('Stamina',30);
INSERT INTO room VALUES ('Energy',25);
INSERT INTO room VALUES ('Strength',15);
INSERT INTO room VALUES ('Power',15);





--LectureTimeSlot for Stamina-----------------------------------------------------------------

--Tuesday
INSERT INTO lecturetimeslot (roomname, date, starttime, courseeditionid, coursename, substitution) VALUES ('Stamina', '2022-04-05', ' 18:00:00', 2, 'Cardio', NULL);
INSERT INTO lecturetimeslot (roomname, date, starttime, courseeditionid, coursename, substitution) VALUES ('Stamina', '2022-04-05', ' 20:00:00', 3, 'Yoga', NULL);

--Thursday
INSERT INTO lecturetimeslot (roomname, date, starttime, courseeditionid, coursename, substitution) VALUES ('Stamina', '2022-04-07', ' 18:00:00', 3, 'Yoga', NULL);

--Friday
INSERT INTO lecturetimeslot (roomname, date, starttime, courseeditionid, coursename, substitution) VALUES ('Stamina', '2022-04-08', ' 18:00:00', 2, 'Cardio', NULL);
INSERT INTO lecturetimeslot (roomname, date, starttime, courseeditionid, coursename, substitution) VALUES ('Stamina', '2022-04-08', ' 20:00:00', 3, 'Yoga', NULL);

--Tuesday
INSERT INTO lecturetimeslot (roomname, date, starttime, courseeditionid, coursename, substitution) VALUES ('Stamina', '2022-04-12', ' 18:00:00', 2, 'Cardio', NULL);
INSERT INTO lecturetimeslot (roomname, date, starttime, courseeditionid, coursename, substitution) VALUES ('Stamina', '2022-04-12', ' 20:00:00', 3, 'Yoga', NULL);

--Thursday
INSERT INTO lecturetimeslot (roomname, date, starttime, courseeditionid, coursename, substitution) VALUES ('Stamina', '2022-04-14', ' 18:00:00', 3, 'Yoga', NULL);

--Friday
INSERT INTO lecturetimeslot (roomname, date, starttime, courseeditionid, coursename, substitution) VALUES ('Stamina', '2022-04-15', ' 18:00:00', 2, 'Cardio', NULL);
INSERT INTO lecturetimeslot (roomname, date, starttime, courseeditionid, coursename, substitution) VALUES ('Stamina', '2022-04-15', ' 20:00:00', 3, 'Yoga', NULL);

--Tuesday
INSERT INTO lecturetimeslot (roomname, date, starttime, courseeditionid, coursename, substitution) VALUES ('Stamina', '2022-04-19', ' 18:00:00', 2, 'Cardio', NULL);
INSERT INTO lecturetimeslot (roomname, date, starttime, courseeditionid, coursename, substitution) VALUES ('Stamina', '2022-04-19', ' 20:00:00', 3, 'Yoga', NULL);

--Thursday
INSERT INTO lecturetimeslot (roomname, date, starttime, courseeditionid, coursename, substitution) VALUES ('Stamina', '2022-04-21', ' 18:00:00', 3, 'Yoga', NULL);

--Friday
INSERT INTO lecturetimeslot (roomname, date, starttime, courseeditionid, coursename, substitution) VALUES ('Stamina', '2022-04-22', ' 18:00:00', 2, 'Cardio', NULL);
INSERT INTO lecturetimeslot (roomname, date, starttime, courseeditionid, coursename, substitution) VALUES ('Stamina', '2022-04-22', ' 20:00:00', 3, 'Yoga', NULL);

--Tuesday
INSERT INTO lecturetimeslot (roomname, date, starttime, courseeditionid, coursename, substitution) VALUES ('Stamina', '2022-04-26', ' 18:00:00', 2, 'Cardio', NULL);
INSERT INTO lecturetimeslot (roomname, date, starttime, courseeditionid, coursename, substitution) VALUES ('Stamina', '2022-04-26', ' 20:00:00', 3, 'Yoga', NULL);

--Thursday
INSERT INTO lecturetimeslot (roomname, date, starttime, courseeditionid, coursename, substitution) VALUES ('Stamina', '2022-04-28', ' 18:00:00', 3, 'Yoga', NULL);

--Friday
INSERT INTO lecturetimeslot (roomname, date, starttime, courseeditionid, coursename, substitution) VALUES ('Stamina', '2022-04-29', ' 18:00:00', 2, 'Cardio', NULL);
INSERT INTO lecturetimeslot (roomname, date, starttime, courseeditionid, coursename, substitution) VALUES ('Stamina', '2022-04-29', ' 20:00:00', 3, 'Yoga', NULL);

--Tuesday
INSERT INTO lecturetimeslot (roomname, date, starttime, courseeditionid, coursename, substitution) VALUES ('Stamina', '2022-05-03', ' 18:00:00', 2, 'Cardio', NULL);
INSERT INTO lecturetimeslot (roomname, date, starttime, courseeditionid, coursename, substitution) VALUES ('Stamina', '2022-05-03', ' 20:00:00', 3, 'Yoga', NULL);

--Thursday
INSERT INTO lecturetimeslot (roomname, date, starttime, courseeditionid, coursename, substitution) VALUES ('Stamina', '2022-05-05', ' 18:00:00', 3, 'Yoga', NULL);

--Friday
INSERT INTO lecturetimeslot (roomname, date, starttime, courseeditionid, coursename, substitution) VALUES ('Stamina', '2022-05-06', ' 18:00:00', 2, 'Cardio', NULL);
INSERT INTO lecturetimeslot (roomname, date, starttime, courseeditionid, coursename, substitution) VALUES ('Stamina', '2022-05-06', ' 20:00:00', 3, 'Yoga', NULL);

--Tuesday
INSERT INTO lecturetimeslot (roomname, date, starttime, courseeditionid, coursename, substitution) VALUES ('Stamina', '2022-05-10', ' 18:00:00', 2, 'Cardio', NULL);
INSERT INTO lecturetimeslot (roomname, date, starttime, courseeditionid, coursename, substitution) VALUES ('Stamina', '2022-05-10', ' 20:00:00', 3, 'Yoga', NULL);

--Thursday
INSERT INTO lecturetimeslot (roomname, date, starttime, courseeditionid, coursename, substitution) VALUES ('Stamina', '2022-05-12', ' 18:00:00', 3, 'Yoga', NULL);

--Friday
INSERT INTO lecturetimeslot (roomname, date, starttime, courseeditionid, coursename, substitution) VALUES ('Stamina', '2022-05-13', ' 18:00:00', 2, 'Cardio', NULL);
INSERT INTO lecturetimeslot (roomname, date, starttime, courseeditionid, coursename, substitution) VALUES ('Stamina', '2022-05-13', ' 20:00:00', 3, 'Yoga', NULL);

--Tuesday
INSERT INTO lecturetimeslot (roomname, date, starttime, courseeditionid, coursename, substitution) VALUES ('Stamina', '2022-05-17', ' 18:00:00', 2, 'Cardio', NULL);
INSERT INTO lecturetimeslot (roomname, date, starttime, courseeditionid, coursename, substitution) VALUES ('Stamina', '2022-05-17', ' 20:00:00', 3, 'Yoga', NULL);

--Thursday
INSERT INTO lecturetimeslot (roomname, date, starttime, courseeditionid, coursename, substitution) VALUES ('Stamina', '2022-05-19', ' 18:00:00', 3, 'Yoga', NULL);

--Friday
INSERT INTO lecturetimeslot (roomname, date, starttime, courseeditionid, coursename, substitution) VALUES ('Stamina', '2022-05-20', ' 18:00:00', 2, 'Cardio', NULL);
INSERT INTO lecturetimeslot (roomname, date, starttime, courseeditionid, coursename, substitution) VALUES ('Stamina', '2022-05-20', ' 20:00:00', 3, 'Yoga', NULL);

--Tuesday
INSERT INTO lecturetimeslot (roomname, date, starttime, courseeditionid, coursename, substitution) VALUES ('Stamina', '2022-05-24', ' 18:00:00', 2, 'Cardio', NULL);
INSERT INTO lecturetimeslot (roomname, date, starttime, courseeditionid, coursename, substitution) VALUES ('Stamina', '2022-05-24', ' 20:00:00', 3, 'Yoga', NULL);

--Thursday
INSERT INTO lecturetimeslot (roomname, date, starttime, courseeditionid, coursename, substitution) VALUES ('Stamina', '2022-05-26', ' 18:00:00', 3, 'Yoga', NULL);

--Friday
INSERT INTO lecturetimeslot (roomname, date, starttime, courseeditionid, coursename, substitution) VALUES ('Stamina', '2022-05-27', ' 18:00:00', 2, 'Cardio', NULL);
INSERT INTO lecturetimeslot (roomname, date, starttime, courseeditionid, coursename, substitution) VALUES ('Stamina', '2022-05-27', ' 20:00:00', 3, 'Yoga', NULL);

--Tuesday
INSERT INTO lecturetimeslot (roomname, date, starttime, courseeditionid, coursename, substitution) VALUES ('Stamina', '2022-05-31', ' 18:00:00', 2, 'Cardio', NULL);
INSERT INTO lecturetimeslot (roomname, date, starttime, courseeditionid, coursename, substitution) VALUES ('Stamina', '2022-05-31', ' 20:00:00', 3, 'Yoga', NULL);

--Thursday******************************FESTA DELLA REPUBBLICA:DECIDERE SE TOGLIERE O NO!!!!!!!
INSERT INTO lecturetimeslot (roomname, date, starttime, courseeditionid, coursename, substitution) VALUES ('Stamina', '2022-06-02', ' 18:00:00', 3, 'Yoga', NULL);

--Friday
INSERT INTO lecturetimeslot (roomname, date, starttime, courseeditionid, coursename, substitution) VALUES ('Stamina', '2022-06-03', ' 18:00:00', 2, 'Cardio', NULL);
INSERT INTO lecturetimeslot (roomname, date, starttime, courseeditionid, coursename, substitution) VALUES ('Stamina', '2022-06-03', ' 20:00:00', 3, 'Yoga', NULL);

--Tuesday
INSERT INTO lecturetimeslot (roomname, date, starttime, courseeditionid, coursename, substitution) VALUES ('Stamina', '2022-06-07', ' 18:00:00', 2, 'Cardio', NULL);
INSERT INTO lecturetimeslot (roomname, date, starttime, courseeditionid, coursename, substitution) VALUES ('Stamina', '2022-06-07', ' 20:00:00', 3, 'Yoga', NULL);

--Thursday
INSERT INTO lecturetimeslot (roomname, date, starttime, courseeditionid, coursename, substitution) VALUES ('Stamina', '2022-06-09', ' 18:00:00', 3, 'Yoga', NULL);

--Friday
INSERT INTO lecturetimeslot (roomname, date, starttime, courseeditionid, coursename, substitution) VALUES ('Stamina', '2022-06-10', ' 18:00:00', 2, 'Cardio', NULL);
INSERT INTO lecturetimeslot (roomname, date, starttime, courseeditionid, coursename, substitution) VALUES ('Stamina', '2022-06-10', ' 20:00:00', 3, 'Yoga', NULL);

--Tuesday
INSERT INTO lecturetimeslot (roomname, date, starttime, courseeditionid, coursename, substitution) VALUES ('Stamina', '2022-06-14', ' 18:00:00', 2, 'Cardio', NULL);
INSERT INTO lecturetimeslot (roomname, date, starttime, courseeditionid, coursename, substitution) VALUES ('Stamina', '2022-06-14', ' 20:00:00', 3, 'Yoga', NULL);

--Thursday
INSERT INTO lecturetimeslot (roomname, date, starttime, courseeditionid, coursename, substitution) VALUES ('Stamina', '2022-06-16', ' 18:00:00', 3, 'Yoga', NULL);

--Friday
INSERT INTO lecturetimeslot (roomname, date, starttime, courseeditionid, coursename, substitution) VALUES ('Stamina', '2022-06-17', ' 18:00:00', 2, 'Cardio', NULL);
INSERT INTO lecturetimeslot (roomname, date, starttime, courseeditionid, coursename, substitution) VALUES ('Stamina', '2022-06-17', ' 20:00:00', 3, 'Yoga', NULL);

--Tuesday
INSERT INTO lecturetimeslot (roomname, date, starttime, courseeditionid, coursename, substitution) VALUES ('Stamina', '2022-06-21', ' 18:00:00', 2, 'Cardio', NULL);
INSERT INTO lecturetimeslot (roomname, date, starttime, courseeditionid, coursename, substitution) VALUES ('Stamina', '2022-06-21', ' 20:00:00', 3, 'Yoga', NULL);

--Thursday
INSERT INTO lecturetimeslot (roomname, date, starttime, courseeditionid, coursename, substitution) VALUES ('Stamina', '2022-06-23', ' 18:00:00', 3, 'Yoga', NULL);

--Friday
INSERT INTO lecturetimeslot (roomname, date, starttime, courseeditionid, coursename, substitution) VALUES ('Stamina', '2022-06-24', ' 18:00:00', 2, 'Cardio', NULL);
INSERT INTO lecturetimeslot (roomname, date, starttime, courseeditionid, coursename, substitution) VALUES ('Stamina', '2022-06-24', ' 20:00:00', 3, 'Yoga', NULL);

--Tuesday
INSERT INTO lecturetimeslot (roomname, date, starttime, courseeditionid, coursename, substitution) VALUES ('Stamina', '2022-06-28', ' 18:00:00', 2, 'Cardio', NULL);
INSERT INTO lecturetimeslot (roomname, date, starttime, courseeditionid, coursename, substitution) VALUES ('Stamina', '2022-06-28', ' 20:00:00', 3, 'Yoga', NULL);

--Thursday
INSERT INTO lecturetimeslot (roomname, date, starttime, courseeditionid, coursename, substitution) VALUES ('Stamina', '2022-06-30', ' 18:00:00', 3, 'Yoga', NULL);



--LectureTimeSlot for Energy--------------------------------------------------------------------

--Monday
INSERT INTO lecturetimeslot (roomname, date, starttime, courseeditionid, coursename, substitution) VALUES ('Energy', '2022-04-04', ' 16:00:00', 4, 'Crossfit', NULL);

--Thursday
INSERT INTO lecturetimeslot (roomname, date, starttime, courseeditionid, coursename, substitution) VALUES ('Energy', '2022-04-07', ' 10:00:00', 4, 'Crossfit', NULL);

--Saturday
INSERT INTO lecturetimeslot (roomname, date, starttime, courseeditionid, coursename, substitution) VALUES ('Energy', '2022-04-09', ' 10:00:00', 4, 'Crossfit', NULL);

--Monday
INSERT INTO lecturetimeslot (roomname, date, starttime, courseeditionid, coursename, substitution) VALUES ('Energy', '2022-04-11', ' 16:00:00', 4, 'Crossfit', NULL);

--Thursday
INSERT INTO lecturetimeslot (roomname, date, starttime, courseeditionid, coursename, substitution) VALUES ('Energy', '2022-04-14', ' 10:00:00', 4, 'Crossfit', NULL);

--Saturday
INSERT INTO lecturetimeslot (roomname, date, starttime, courseeditionid, coursename, substitution) VALUES ('Energy', '2022-04-16', ' 10:00:00', 4, 'Crossfit', NULL);

--Monday****************PASQUETTA: DECIDERE SE TOGLIERE!!!!!!!
INSERT INTO lecturetimeslot (roomname, date, starttime, courseeditionid, coursename, substitution) VALUES ('Energy', '2022-04-18', ' 16:00:00', 4, 'Crossfit', NULL);

--Thursday
INSERT INTO lecturetimeslot (roomname, date, starttime, courseeditionid, coursename, substitution) VALUES ('Energy', '2022-04-21', ' 10:00:00', 4, 'Crossfit', NULL);

--Saturday
INSERT INTO lecturetimeslot (roomname, date, starttime, courseeditionid, coursename, substitution) VALUES ('Energy', '2022-04-23', ' 10:00:00', 4, 'Crossfit', NULL);

--Monday
INSERT INTO lecturetimeslot (roomname, date, starttime, courseeditionid, coursename, substitution) VALUES ('Energy', '2022-04-25', ' 16:00:00', 4, 'Crossfit', NULL);

--Thursday
INSERT INTO lecturetimeslot (roomname, date, starttime, courseeditionid, coursename, substitution) VALUES ('Energy', '2022-04-28', ' 10:00:00', 4, 'Crossfit', NULL);

--Saturday
INSERT INTO lecturetimeslot (roomname, date, starttime, courseeditionid, coursename, substitution) VALUES ('Energy', '2022-04-30', ' 10:00:00', 4, 'Crossfit', NULL);

--Monday
INSERT INTO lecturetimeslot (roomname, date, starttime, courseeditionid, coursename, substitution) VALUES ('Energy', '2022-05-02', ' 16:00:00', 4, 'Crossfit', NULL);

--Thursday
INSERT INTO lecturetimeslot (roomname, date, starttime, courseeditionid, coursename, substitution) VALUES ('Energy', '2022-05-05', ' 10:00:00', 4, 'Crossfit', NULL);

--Saturday
INSERT INTO lecturetimeslot (roomname, date, starttime, courseeditionid, coursename, substitution) VALUES ('Energy', '2022-05-07', ' 10:00:00', 4, 'Crossfit', NULL);

--Monday
INSERT INTO lecturetimeslot (roomname, date, starttime, courseeditionid, coursename, substitution) VALUES ('Energy', '2022-05-09', ' 16:00:00', 4, 'Crossfit', NULL);

--Thursday
INSERT INTO lecturetimeslot (roomname, date, starttime, courseeditionid, coursename, substitution) VALUES ('Energy', '2022-05-12', ' 10:00:00', 4, 'Crossfit', NULL);

--Saturday
INSERT INTO lecturetimeslot (roomname, date, starttime, courseeditionid, coursename, substitution) VALUES ('Energy', '2022-05-14', ' 10:00:00', 4, 'Crossfit', NULL);

--Monday
INSERT INTO lecturetimeslot (roomname, date, starttime, courseeditionid, coursename, substitution) VALUES ('Energy', '2022-05-16', ' 16:00:00', 4, 'Crossfit', NULL);

--Thursday
INSERT INTO lecturetimeslot (roomname, date, starttime, courseeditionid, coursename, substitution) VALUES ('Energy', '2022-05-19', ' 10:00:00', 4, 'Crossfit', NULL);

--Saturday
INSERT INTO lecturetimeslot (roomname, date, starttime, courseeditionid, coursename, substitution) VALUES ('Energy', '2022-05-21', ' 10:00:00', 4, 'Crossfit', NULL);

--Monday
INSERT INTO lecturetimeslot (roomname, date, starttime, courseeditionid, coursename, substitution) VALUES ('Energy', '2022-05-23', ' 16:00:00', 4, 'Crossfit', NULL);

--Thursday
INSERT INTO lecturetimeslot (roomname, date, starttime, courseeditionid, coursename, substitution) VALUES ('Energy', '2022-05-26', ' 10:00:00', 4, 'Crossfit', NULL);

--Saturday
INSERT INTO lecturetimeslot (roomname, date, starttime, courseeditionid, coursename, substitution) VALUES ('Energy', '2022-05-28', ' 10:00:00', 4, 'Crossfit', NULL);

--Monday
INSERT INTO lecturetimeslot (roomname, date, starttime, courseeditionid, coursename, substitution) VALUES ('Energy', '2022-05-30', ' 16:00:00', 4, 'Crossfit', NULL);

--Thursday***********FESTA DELLA REPUBBLICA: DECIDERE SE TOGLIERE!!!!!!!!!!!!!!!!
INSERT INTO lecturetimeslot (roomname, date, starttime, courseeditionid, coursename, substitution) VALUES ('Energy', '2022-06-02', ' 10:00:00', 4, 'Crossfit', NULL);

--Saturday
INSERT INTO lecturetimeslot (roomname, date, starttime, courseeditionid, coursename, substitution) VALUES ('Energy', '2022-06-04', ' 10:00:00', 4, 'Crossfit', NULL);

--Monday
INSERT INTO lecturetimeslot (roomname, date, starttime, courseeditionid, coursename, substitution) VALUES ('Energy', '2022-06-06', ' 16:00:00', 4, 'Crossfit', NULL);

--Thursday
INSERT INTO lecturetimeslot (roomname, date, starttime, courseeditionid, coursename, substitution) VALUES ('Energy', '2022-06-09', ' 10:00:00', 4, 'Crossfit', NULL);

--Saturday
INSERT INTO lecturetimeslot (roomname, date, starttime, courseeditionid, coursename, substitution) VALUES ('Energy', '2022-06-11', ' 10:00:00', 4, 'Crossfit', NULL);

--Monday
INSERT INTO lecturetimeslot (roomname, date, starttime, courseeditionid, coursename, substitution) VALUES ('Energy', '2022-06-13', ' 16:00:00', 4, 'Crossfit', NULL);

--Thursday
INSERT INTO lecturetimeslot (roomname, date, starttime, courseeditionid, coursename, substitution) VALUES ('Energy', '2022-06-16', ' 10:00:00', 4, 'Crossfit', NULL);

--Saturday
INSERT INTO lecturetimeslot (roomname, date, starttime, courseeditionid, coursename, substitution) VALUES ('Energy', '2022-06-18', ' 10:00:00', 4, 'Crossfit', NULL);

--Monday
INSERT INTO lecturetimeslot (roomname, date, starttime, courseeditionid, coursename, substitution) VALUES ('Energy', '2022-06-20', ' 16:00:00', 4, 'Crossfit', NULL);

--Thursday
INSERT INTO lecturetimeslot (roomname, date, starttime, courseeditionid, coursename, substitution) VALUES ('Energy', '2022-06-23', ' 10:00:00', 4, 'Crossfit', NULL);

--Saturday
INSERT INTO lecturetimeslot (roomname, date, starttime, courseeditionid, coursename, substitution) VALUES ('Energy', '2022-06-25', ' 10:00:00', 4, 'Crossfit', NULL);

--Monday
INSERT INTO lecturetimeslot (roomname, date, starttime, courseeditionid, coursename, substitution) VALUES ('Energy', '2022-06-27', ' 16:00:00', 4, 'Crossfit', NULL);

--Thursday
INSERT INTO lecturetimeslot (roomname, date, starttime, courseeditionid, coursename, substitution) VALUES ('Energy', '2022-06-30', ' 10:00:00', 4, 'Crossfit', NULL);


--LectureTimeSlot for Strength--------------------------------------------------------------------

--Monday
INSERT INTO lecturetimeslot (roomname, date, starttime, courseeditionid, coursename, substitution) VALUES ('Strength', '2022-04-04', ' 18:00:00', 6, 'Calisthenics', NULL);

--Wednesday
INSERT INTO lecturetimeslot (roomname, date, starttime, courseeditionid, coursename, substitution) VALUES ('Strength', '2022-04-06', ' 18:00:00', 6, 'Calisthenics', NULL);

--Monday
INSERT INTO lecturetimeslot (roomname, date, starttime, courseeditionid, coursename, substitution) VALUES ('Strength', '2022-04-11', ' 18:00:00', 6, 'Calisthenics', NULL);

--Wednesday
INSERT INTO lecturetimeslot (roomname, date, starttime, courseeditionid, coursename, substitution) VALUES ('Strength', '2022-04-13', ' 18:00:00', 6, 'Calisthenics', NULL);

--Monday****************************PASQUETTA: DECIDERE SE TOGLIERE O NO!!!!!!!!!!!!!!!
INSERT INTO lecturetimeslot (roomname, date, starttime, courseeditionid, coursename, substitution) VALUES ('Strength', '2022-04-18', ' 18:00:00', 6, 'Calisthenics', NULL);

--Wednesday
INSERT INTO lecturetimeslot (roomname, date, starttime, courseeditionid, coursename, substitution) VALUES ('Strength', '2022-04-20', ' 18:00:00', 6, 'Calisthenics', NULL);

--Monday
INSERT INTO lecturetimeslot (roomname, date, starttime, courseeditionid, coursename, substitution) VALUES ('Strength', '2022-04-25', ' 18:00:00', 6, 'Calisthenics', NULL);

--Wednesday
INSERT INTO lecturetimeslot (roomname, date, starttime, courseeditionid, coursename, substitution) VALUES ('Strength', '2022-04-27', ' 18:00:00', 6, 'Calisthenics', NULL);

--Monday
INSERT INTO lecturetimeslot (roomname, date, starttime, courseeditionid, coursename, substitution) VALUES ('Strength', '2022-05-02', ' 18:00:00', 6, 'Calisthenics', NULL);

--Wednesday
INSERT INTO lecturetimeslot (roomname, date, starttime, courseeditionid, coursename, substitution) VALUES ('Strength', '2022-05-04', ' 18:00:00', 6, 'Calisthenics', NULL);

--Monday
INSERT INTO lecturetimeslot (roomname, date, starttime, courseeditionid, coursename, substitution) VALUES ('Strength', '2022-05-09', ' 18:00:00', 6, 'Calisthenics', NULL);

--Wednesday
INSERT INTO lecturetimeslot (roomname, date, starttime, courseeditionid, coursename, substitution) VALUES ('Strength', '2022-05-11', ' 18:00:00', 6, 'Calisthenics', NULL);

--Monday
INSERT INTO lecturetimeslot (roomname, date, starttime, courseeditionid, coursename, substitution) VALUES ('Strength', '2022-05-16', ' 18:00:00', 6, 'Calisthenics', NULL);

--Wednesday
INSERT INTO lecturetimeslot (roomname, date, starttime, courseeditionid, coursename, substitution) VALUES ('Strength', '2022-05-18', ' 18:00:00', 6, 'Calisthenics', NULL);

--Monday
INSERT INTO lecturetimeslot (roomname, date, starttime, courseeditionid, coursename, substitution) VALUES ('Strength', '2022-05-23', ' 18:00:00', 6, 'Calisthenics', NULL);

--Wednesday
INSERT INTO lecturetimeslot (roomname, date, starttime, courseeditionid, coursename, substitution) VALUES ('Strength', '2022-05-25', ' 18:00:00', 6, 'Calisthenics', NULL);

--Monday
INSERT INTO lecturetimeslot (roomname, date, starttime, courseeditionid, coursename, substitution) VALUES ('Strength', '2022-05-30', ' 18:00:00', 6, 'Calisthenics', NULL);

--Wednesday
INSERT INTO lecturetimeslot (roomname, date, starttime, courseeditionid, coursename, substitution) VALUES ('Strength', '2022-06-01', ' 18:00:00', 6, 'Calisthenics', NULL);

--Monday
INSERT INTO lecturetimeslot (roomname, date, starttime, courseeditionid, coursename, substitution) VALUES ('Strength', '2022-06-06', ' 18:00:00', 6, 'Calisthenics', NULL);

--Wednesday
INSERT INTO lecturetimeslot (roomname, date, starttime, courseeditionid, coursename, substitution) VALUES ('Strength', '2022-06-08', ' 18:00:00', 6, 'Calisthenics', NULL);

--Monday
INSERT INTO lecturetimeslot (roomname, date, starttime, courseeditionid, coursename, substitution) VALUES ('Strength', '2022-06-13', ' 18:00:00', 6, 'Calisthenics', NULL);

--Wednesday
INSERT INTO lecturetimeslot (roomname, date, starttime, courseeditionid, coursename, substitution) VALUES ('Strength', '2022-06-15', ' 18:00:00', 6, 'Calisthenics', NULL);

--Monday
INSERT INTO lecturetimeslot (roomname, date, starttime, courseeditionid, coursename, substitution) VALUES ('Strength', '2022-06-20', ' 18:00:00', 6, 'Calisthenics', NULL);

--Wednesday
INSERT INTO lecturetimeslot (roomname, date, starttime, courseeditionid, coursename, substitution) VALUES ('Strength', '2022-06-22', ' 18:00:00', 6, 'Calisthenics', NULL);

--Monday
INSERT INTO lecturetimeslot (roomname, date, starttime, courseeditionid, coursename, substitution) VALUES ('Strength', '2022-06-27', ' 18:00:00', 6, 'Calisthenics', NULL);

--Wednesday
INSERT INTO lecturetimeslot (roomname, date, starttime, courseeditionid, coursename, substitution) VALUES ('Strength', '2022-06-29', ' 18:00:00', 6, 'Calisthenics', NULL);


--LectureTimeSlot for Power-------------------------------------------------------------------------

--Monday
INSERT INTO lecturetimeslot (roomname, date, starttime, courseeditionid, coursename, substitution) VALUES ('Power', '2022-04-04', ' 10:00:00', 5, 'Bodybuilding', NULL);
INSERT INTO lecturetimeslot (roomname, date, starttime, courseeditionid, coursename, substitution) VALUES ('Power', '2022-04-04', ' 18:00:00', 1, 'Powerlifting', NULL);

--Wednesday
INSERT INTO lecturetimeslot (roomname, date, starttime, courseeditionid, coursename, substitution) VALUES ('Power', '2022-04-06', ' 16:00:00', 5, 'Bodybuilding', NULL);
INSERT INTO lecturetimeslot (roomname, date, starttime, courseeditionid, coursename, substitution) VALUES ('Power', '2022-04-06', ' 18:00:00', 1, 'Powerlifting', NULL);

--Friday
INSERT INTO lecturetimeslot (roomname, date, starttime, courseeditionid, coursename, substitution) VALUES ('Power', '2022-04-08', ' 10:00:00', 5, 'Bodybuilding', NULL);

--Saturday
INSERT INTO lecturetimeslot (roomname, date, starttime, courseeditionid, coursename, substitution) VALUES ('Power', '2022-04-09', ' 10:00:00', 5, 'Bodybuilding', NULL);

--Monday
INSERT INTO lecturetimeslot (roomname, date, starttime, courseeditionid, coursename, substitution) VALUES ('Power', '2022-04-11', ' 10:00:00', 5, 'Bodybuilding', NULL);
INSERT INTO lecturetimeslot (roomname, date, starttime, courseeditionid, coursename, substitution) VALUES ('Power', '2022-04-11', ' 18:00:00', 1, 'Powerlifting', NULL);

--Wednesday
INSERT INTO lecturetimeslot (roomname, date, starttime, courseeditionid, coursename, substitution) VALUES ('Power', '2022-04-13', ' 16:00:00', 5, 'Bodybuilding', NULL);
INSERT INTO lecturetimeslot (roomname, date, starttime, courseeditionid, coursename, substitution) VALUES ('Power', '2022-04-13', ' 18:00:00', 1, 'Powerlifting', NULL);

--Friday
INSERT INTO lecturetimeslot (roomname, date, starttime, courseeditionid, coursename, substitution) VALUES ('Power', '2022-04-15', ' 10:00:00', 5, 'Bodybuilding', NULL);

--Saturday
INSERT INTO lecturetimeslot (roomname, date, starttime, courseeditionid, coursename, substitution) VALUES ('Power', '2022-04-16', ' 10:00:00', 5, 'Bodybuilding', NULL);

--Monday**************************************PASQUETTA: DECIDERE SE TOGLIERE!!!!!!!!!!!!!!!!!!
INSERT INTO lecturetimeslot (roomname, date, starttime, courseeditionid, coursename, substitution) VALUES ('Power', '2022-04-18', ' 10:00:00', 5, 'Bodybuilding', NULL);
INSERT INTO lecturetimeslot (roomname, date, starttime, courseeditionid, coursename, substitution) VALUES ('Power', '2022-04-18', ' 18:00:00', 1, 'Powerlifting', NULL);

--Wednesday
INSERT INTO lecturetimeslot (roomname, date, starttime, courseeditionid, coursename, substitution) VALUES ('Power', '2022-04-20', ' 16:00:00', 5, 'Bodybuilding', NULL);
INSERT INTO lecturetimeslot (roomname, date, starttime, courseeditionid, coursename, substitution) VALUES ('Power', '2022-04-20', ' 18:00:00', 1, 'Powerlifting', NULL);

--Friday
INSERT INTO lecturetimeslot (roomname, date, starttime, courseeditionid, coursename, substitution) VALUES ('Power', '2022-04-22', ' 10:00:00', 5, 'Bodybuilding', NULL);

--Saturday
INSERT INTO lecturetimeslot (roomname, date, starttime, courseeditionid, coursename, substitution) VALUES ('Power', '2022-04-23', ' 10:00:00', 5, 'Bodybuilding', NULL);

--Monday
INSERT INTO lecturetimeslot (roomname, date, starttime, courseeditionid, coursename, substitution) VALUES ('Power', '2022-04-25', ' 10:00:00', 5, 'Bodybuilding', NULL);
INSERT INTO lecturetimeslot (roomname, date, starttime, courseeditionid, coursename, substitution) VALUES ('Power', '2022-04-25', ' 18:00:00', 1, 'Powerlifting', NULL);

--Wednesday
INSERT INTO lecturetimeslot (roomname, date, starttime, courseeditionid, coursename, substitution) VALUES ('Power', '2022-04-27', ' 16:00:00', 5, 'Bodybuilding', NULL);
INSERT INTO lecturetimeslot (roomname, date, starttime, courseeditionid, coursename, substitution) VALUES ('Power', '2022-04-27', ' 18:00:00', 1, 'Powerlifting', NULL);

--Friday
INSERT INTO lecturetimeslot (roomname, date, starttime, courseeditionid, coursename, substitution) VALUES ('Power', '2022-04-29', ' 10:00:00', 5, 'Bodybuilding', NULL);

--Saturday
INSERT INTO lecturetimeslot (roomname, date, starttime, courseeditionid, coursename, substitution) VALUES ('Power', '2022-04-30', ' 10:00:00', 5, 'Bodybuilding', NULL);

--Monday
INSERT INTO lecturetimeslot (roomname, date, starttime, courseeditionid, coursename, substitution) VALUES ('Power', '2022-05-02', ' 10:00:00', 5, 'Bodybuilding', NULL);
INSERT INTO lecturetimeslot (roomname, date, starttime, courseeditionid, coursename, substitution) VALUES ('Power', '2022-05-02', ' 18:00:00', 1, 'Powerlifting', NULL);

--Wednesday
INSERT INTO lecturetimeslot (roomname, date, starttime, courseeditionid, coursename, substitution) VALUES ('Power', '2022-05-04', ' 16:00:00', 5, 'Bodybuilding', NULL);
INSERT INTO lecturetimeslot (roomname, date, starttime, courseeditionid, coursename, substitution) VALUES ('Power', '2022-05-04', ' 18:00:00', 1, 'Powerlifting', NULL);

--Friday
INSERT INTO lecturetimeslot (roomname, date, starttime, courseeditionid, coursename, substitution) VALUES ('Power', '2022-05-06', ' 10:00:00', 5, 'Bodybuilding', NULL);

--Saturday
INSERT INTO lecturetimeslot (roomname, date, starttime, courseeditionid, coursename, substitution) VALUES ('Power', '2022-05-07', ' 10:00:00', 5, 'Bodybuilding', NULL);

--Monday
INSERT INTO lecturetimeslot (roomname, date, starttime, courseeditionid, coursename, substitution) VALUES ('Power', '2022-05-09', ' 10:00:00', 5, 'Bodybuilding', NULL);
INSERT INTO lecturetimeslot (roomname, date, starttime, courseeditionid, coursename, substitution) VALUES ('Power', '2022-05-09', ' 18:00:00', 1, 'Powerlifting', NULL);

--Wednesday
INSERT INTO lecturetimeslot (roomname, date, starttime, courseeditionid, coursename, substitution) VALUES ('Power', '2022-05-11', ' 16:00:00', 5, 'Bodybuilding', NULL);
INSERT INTO lecturetimeslot (roomname, date, starttime, courseeditionid, coursename, substitution) VALUES ('Power', '2022-05-11', ' 18:00:00', 1, 'Powerlifting', NULL);

--Friday
INSERT INTO lecturetimeslot (roomname, date, starttime, courseeditionid, coursename, substitution) VALUES ('Power', '2022-05-13', ' 10:00:00', 5, 'Bodybuilding', NULL);

--Saturday
INSERT INTO lecturetimeslot (roomname, date, starttime, courseeditionid, coursename, substitution) VALUES ('Power', '2022-05-14', ' 10:00:00', 5, 'Bodybuilding', NULL);

--Monday
INSERT INTO lecturetimeslot (roomname, date, starttime, courseeditionid, coursename, substitution) VALUES ('Power', '2022-05-16', ' 10:00:00', 5, 'Bodybuilding', NULL);
INSERT INTO lecturetimeslot (roomname, date, starttime, courseeditionid, coursename, substitution) VALUES ('Power', '2022-05-16', ' 18:00:00', 1, 'Powerlifting', NULL);

--Wednesday
INSERT INTO lecturetimeslot (roomname, date, starttime, courseeditionid, coursename, substitution) VALUES ('Power', '2022-05-18', ' 16:00:00', 5, 'Bodybuilding', NULL);
INSERT INTO lecturetimeslot (roomname, date, starttime, courseeditionid, coursename, substitution) VALUES ('Power', '2022-05-18', ' 18:00:00', 1, 'Powerlifting', NULL);

--Friday
INSERT INTO lecturetimeslot (roomname, date, starttime, courseeditionid, coursename, substitution) VALUES ('Power', '2022-05-20', ' 10:00:00', 5, 'Bodybuilding', NULL);

--Saturday
INSERT INTO lecturetimeslot (roomname, date, starttime, courseeditionid, coursename, substitution) VALUES ('Power', '2022-05-21', ' 10:00:00', 5, 'Bodybuilding', NULL);

--Monday
INSERT INTO lecturetimeslot (roomname, date, starttime, courseeditionid, coursename, substitution) VALUES ('Power', '2022-05-23', ' 10:00:00', 5, 'Bodybuilding', NULL);
INSERT INTO lecturetimeslot (roomname, date, starttime, courseeditionid, coursename, substitution) VALUES ('Power', '2022-05-23', ' 18:00:00', 1, 'Powerlifting', NULL);

--Wednesday
INSERT INTO lecturetimeslot (roomname, date, starttime, courseeditionid, coursename, substitution) VALUES ('Power', '2022-05-25', ' 16:00:00', 5, 'Bodybuilding', NULL);
INSERT INTO lecturetimeslot (roomname, date, starttime, courseeditionid, coursename, substitution) VALUES ('Power', '2022-05-25', ' 18:00:00', 1, 'Powerlifting', NULL);

--Friday
INSERT INTO lecturetimeslot (roomname, date, starttime, courseeditionid, coursename, substitution) VALUES ('Power', '2022-05-27', ' 10:00:00', 5, 'Bodybuilding', NULL);

--Saturday
INSERT INTO lecturetimeslot (roomname, date, starttime, courseeditionid, coursename, substitution) VALUES ('Power', '2022-05-28', ' 10:00:00', 5, 'Bodybuilding', NULL);

--Monday
INSERT INTO lecturetimeslot (roomname, date, starttime, courseeditionid, coursename, substitution) VALUES ('Power', '2022-05-30', ' 10:00:00', 5, 'Bodybuilding', NULL);
INSERT INTO lecturetimeslot (roomname, date, starttime, courseeditionid, coursename, substitution) VALUES ('Power', '2022-05-30', ' 18:00:00', 1, 'Powerlifting', NULL);

--Wednesday
INSERT INTO lecturetimeslot (roomname, date, starttime, courseeditionid, coursename, substitution) VALUES ('Power', '2022-06-01', ' 16:00:00', 5, 'Bodybuilding', NULL);
INSERT INTO lecturetimeslot (roomname, date, starttime, courseeditionid, coursename, substitution) VALUES ('Power', '2022-06-01', ' 18:00:00', 1, 'Powerlifting', NULL);

--Friday
INSERT INTO lecturetimeslot (roomname, date, starttime, courseeditionid, coursename, substitution) VALUES ('Power', '2022-06-03', ' 10:00:00', 5, 'Bodybuilding', NULL);

--Saturday
INSERT INTO lecturetimeslot (roomname, date, starttime, courseeditionid, coursename, substitution) VALUES ('Power', '2022-06-04', ' 10:00:00', 5, 'Bodybuilding', NULL);

--Monday
INSERT INTO lecturetimeslot (roomname, date, starttime, courseeditionid, coursename, substitution) VALUES ('Power', '2022-06-06', ' 10:00:00', 5, 'Bodybuilding', NULL);
INSERT INTO lecturetimeslot (roomname, date, starttime, courseeditionid, coursename, substitution) VALUES ('Power', '2022-06-06', ' 18:00:00', 1, 'Powerlifting', NULL);

--Wednesday
INSERT INTO lecturetimeslot (roomname, date, starttime, courseeditionid, coursename, substitution) VALUES ('Power', '2022-06-08', ' 16:00:00', 5, 'Bodybuilding', NULL);
INSERT INTO lecturetimeslot (roomname, date, starttime, courseeditionid, coursename, substitution) VALUES ('Power', '2022-06-08', ' 18:00:00', 1, 'Powerlifting', NULL);

--Friday
INSERT INTO lecturetimeslot (roomname, date, starttime, courseeditionid, coursename, substitution) VALUES ('Power', '2022-06-10', ' 10:00:00', 5, 'Bodybuilding', NULL);

--Saturday
INSERT INTO lecturetimeslot (roomname, date, starttime, courseeditionid, coursename, substitution) VALUES ('Power', '2022-06-11', ' 10:00:00', 5, 'Bodybuilding', NULL);

--Monday
INSERT INTO lecturetimeslot (roomname, date, starttime, courseeditionid, coursename, substitution) VALUES ('Power', '2022-06-13', ' 10:00:00', 5, 'Bodybuilding', NULL);
INSERT INTO lecturetimeslot (roomname, date, starttime, courseeditionid, coursename, substitution) VALUES ('Power', '2022-06-13', ' 18:00:00', 1, 'Powerlifting', NULL);

--Wednesday
INSERT INTO lecturetimeslot (roomname, date, starttime, courseeditionid, coursename, substitution) VALUES ('Power', '2022-06-15', ' 16:00:00', 5, 'Bodybuilding', NULL);
INSERT INTO lecturetimeslot (roomname, date, starttime, courseeditionid, coursename, substitution) VALUES ('Power', '2022-06-15', ' 18:00:00', 1, 'Powerlifting', NULL);

--Friday
INSERT INTO lecturetimeslot (roomname, date, starttime, courseeditionid, coursename, substitution) VALUES ('Power', '2022-06-17', ' 10:00:00', 5, 'Bodybuilding', NULL);

--Saturday
INSERT INTO lecturetimeslot (roomname, date, starttime, courseeditionid, coursename, substitution) VALUES ('Power', '2022-06-18', ' 10:00:00', 5, 'Bodybuilding', NULL);

--Monday
INSERT INTO lecturetimeslot (roomname, date, starttime, courseeditionid, coursename, substitution) VALUES ('Power', '2022-06-20', ' 10:00:00', 5, 'Bodybuilding', NULL);
INSERT INTO lecturetimeslot (roomname, date, starttime, courseeditionid, coursename, substitution) VALUES ('Power', '2022-06-20', ' 18:00:00', 1, 'Powerlifting', NULL);

--Wednesday
INSERT INTO lecturetimeslot (roomname, date, starttime, courseeditionid, coursename, substitution) VALUES ('Power', '2022-06-22', ' 16:00:00', 5, 'Bodybuilding', NULL);
INSERT INTO lecturetimeslot (roomname, date, starttime, courseeditionid, coursename, substitution) VALUES ('Power', '2022-06-22', ' 18:00:00', 1, 'Powerlifting', NULL);

--Friday
INSERT INTO lecturetimeslot (roomname, date, starttime, courseeditionid, coursename, substitution) VALUES ('Power', '2022-06-24', ' 10:00:00', 5, 'Bodybuilding', NULL);

--Saturday
INSERT INTO lecturetimeslot (roomname, date, starttime, courseeditionid, coursename, substitution) VALUES ('Power', '2022-06-25', ' 10:00:00', 5, 'Bodybuilding', NULL);

--Monday
INSERT INTO lecturetimeslot (roomname, date, starttime, courseeditionid, coursename, substitution) VALUES ('Power', '2022-06-27', ' 10:00:00', 5, 'Bodybuilding', NULL);
INSERT INTO lecturetimeslot (roomname, date, starttime, courseeditionid, coursename, substitution) VALUES ('Power', '2022-06-27', ' 18:00:00', 1, 'Powerlifting', NULL);

--Wednesday
INSERT INTO lecturetimeslot (roomname, date, starttime, courseeditionid, coursename, substitution) VALUES ('Power', '2022-06-29', ' 16:00:00', 5, 'Bodybuilding', NULL);
INSERT INTO lecturetimeslot (roomname, date, starttime, courseeditionid, coursename, substitution) VALUES ('Power', '2022-06-29', ' 18:00:00', 1, 'Powerlifting', NULL);




--Reservation-----------------------------------------------------------------------------------

--Mario Rossi: Books Stamina from 18 to 20 every Tuesday for Cardio
INSERT INTO reservation (trainee, lectureroom, lecturedate, lecturestarttime) VALUES  ('mario.rossi@example.com', 'Stamina', '2022-04-05', ' 18:00:00');
INSERT INTO reservation (trainee, lectureroom, lecturedate, lecturestarttime) VALUES  ('mario.rossi@example.com', 'Stamina', '2022-04-12', ' 18:00:00');
INSERT INTO reservation (trainee, lectureroom, lecturedate, lecturestarttime) VALUES  ('mario.rossi@example.com', 'Stamina', '2022-04-19', ' 18:00:00');
INSERT INTO reservation (trainee, lectureroom, lecturedate, lecturestarttime) VALUES  ('mario.rossi@example.com', 'Stamina', '2022-04-26', ' 18:00:00');
INSERT INTO reservation (trainee, lectureroom, lecturedate, lecturestarttime) VALUES  ('mario.rossi@example.com', 'Stamina', '2022-05-03', ' 18:00:00');
INSERT INTO reservation (trainee, lectureroom, lecturedate, lecturestarttime) VALUES  ('mario.rossi@example.com', 'Stamina', '2022-05-10', ' 18:00:00');
INSERT INTO reservation (trainee, lectureroom, lecturedate, lecturestarttime) VALUES  ('mario.rossi@example.com', 'Stamina', '2022-05-17', ' 18:00:00');
INSERT INTO reservation (trainee, lectureroom, lecturedate, lecturestarttime) VALUES  ('mario.rossi@example.com', 'Stamina', '2022-05-24', ' 18:00:00');
INSERT INTO reservation (trainee, lectureroom, lecturedate, lecturestarttime) VALUES  ('mario.rossi@example.com', 'Stamina', '2022-05-31', ' 18:00:00');
INSERT INTO reservation (trainee, lectureroom, lecturedate, lecturestarttime) VALUES  ('mario.rossi@example.com', 'Stamina', '2022-06-07', ' 18:00:00');
INSERT INTO reservation (trainee, lectureroom, lecturedate, lecturestarttime) VALUES  ('mario.rossi@example.com', 'Stamina', '2022-06-14', ' 18:00:00');
INSERT INTO reservation (trainee, lectureroom, lecturedate, lecturestarttime) VALUES  ('mario.rossi@example.com', 'Stamina', '2022-06-21', ' 18:00:00');
INSERT INTO reservation (trainee, lectureroom, lecturedate, lecturestarttime) VALUES  ('mario.rossi@example.com', 'Stamina', '2022-06-28', ' 18:00:00');

--Riccardo Bianchi: Books Stamina from 18 to 20 every Tuesday for Cardio
INSERT INTO reservation (trainee, lectureroom, lecturedate, lecturestarttime) VALUES  ('riccardo.bianchi@example.com', 'Stamina', '2022-04-05', ' 18:00:00');
INSERT INTO reservation (trainee, lectureroom, lecturedate, lecturestarttime) VALUES  ('riccardo.bianchi@example.com', 'Stamina', '2022-04-12', ' 18:00:00');
INSERT INTO reservation (trainee, lectureroom, lecturedate, lecturestarttime) VALUES  ('riccardo.bianchi@example.com', 'Stamina', '2022-04-19', ' 18:00:00');
INSERT INTO reservation (trainee, lectureroom, lecturedate, lecturestarttime) VALUES  ('riccardo.bianchi@example.com', 'Stamina', '2022-04-26', ' 18:00:00');
INSERT INTO reservation (trainee, lectureroom, lecturedate, lecturestarttime) VALUES  ('riccardo.bianchi@example.com', 'Stamina', '2022-05-03', ' 18:00:00');
INSERT INTO reservation (trainee, lectureroom, lecturedate, lecturestarttime) VALUES  ('riccardo.bianchi@example.com', 'Stamina', '2022-05-10', ' 18:00:00');
INSERT INTO reservation (trainee, lectureroom, lecturedate, lecturestarttime) VALUES  ('riccardo.bianchi@example.com', 'Stamina', '2022-05-17', ' 18:00:00');
INSERT INTO reservation (trainee, lectureroom, lecturedate, lecturestarttime) VALUES  ('riccardo.bianchi@example.com', 'Stamina', '2022-05-24', ' 18:00:00');
INSERT INTO reservation (trainee, lectureroom, lecturedate, lecturestarttime) VALUES  ('riccardo.bianchi@example.com', 'Stamina', '2022-05-31', ' 18:00:00');
INSERT INTO reservation (trainee, lectureroom, lecturedate, lecturestarttime) VALUES  ('riccardo.bianchi@example.com', 'Stamina', '2022-06-07', ' 18:00:00');
INSERT INTO reservation (trainee, lectureroom, lecturedate, lecturestarttime) VALUES  ('riccardo.bianchi@example.com', 'Stamina', '2022-06-14', ' 18:00:00');
INSERT INTO reservation (trainee, lectureroom, lecturedate, lecturestarttime) VALUES  ('riccardo.bianchi@example.com', 'Stamina', '2022-06-21', ' 18:00:00');
INSERT INTO reservation (trainee, lectureroom, lecturedate, lecturestarttime) VALUES  ('riccardo.bianchi@example.com', 'Stamina', '2022-06-28', ' 18:00:00');

--Luca Giallo: Books Strength Calisthenics every possible day
INSERT INTO reservation (trainee, lectureroom, lecturedate, lecturestarttime) VALUES  ('luca.giallo@example.com', 'Strength', '2022-04-04', ' 18:00:00');
INSERT INTO reservation (trainee, lectureroom, lecturedate, lecturestarttime) VALUES  ('luca.giallo@example.com', 'Strength', '2022-04-06', ' 18:00:00');
INSERT INTO reservation (trainee, lectureroom, lecturedate, lecturestarttime) VALUES  ('luca.giallo@example.com', 'Strength', '2022-04-11', ' 18:00:00');
INSERT INTO reservation (trainee, lectureroom, lecturedate, lecturestarttime) VALUES  ('luca.giallo@example.com', 'Strength', '2022-04-13', ' 18:00:00');
INSERT INTO reservation (trainee, lectureroom, lecturedate, lecturestarttime) VALUES  ('luca.giallo@example.com', 'Strength', '2022-04-18', ' 18:00:00');
INSERT INTO reservation (trainee, lectureroom, lecturedate, lecturestarttime) VALUES  ('luca.giallo@example.com', 'Strength', '2022-04-20', ' 18:00:00');
INSERT INTO reservation (trainee, lectureroom, lecturedate, lecturestarttime) VALUES  ('luca.giallo@example.com', 'Strength', '2022-04-25', ' 18:00:00');
INSERT INTO reservation (trainee, lectureroom, lecturedate, lecturestarttime) VALUES  ('luca.giallo@example.com', 'Strength', '2022-04-27', ' 18:00:00');
INSERT INTO reservation (trainee, lectureroom, lecturedate, lecturestarttime) VALUES  ('luca.giallo@example.com', 'Strength', '2022-05-02', ' 18:00:00');
INSERT INTO reservation (trainee, lectureroom, lecturedate, lecturestarttime) VALUES  ('luca.giallo@example.com', 'Strength', '2022-05-04', ' 18:00:00');
INSERT INTO reservation (trainee, lectureroom, lecturedate, lecturestarttime) VALUES  ('luca.giallo@example.com', 'Strength', '2022-05-09', ' 18:00:00');
INSERT INTO reservation (trainee, lectureroom, lecturedate, lecturestarttime) VALUES  ('luca.giallo@example.com', 'Strength', '2022-05-11', ' 18:00:00');
INSERT INTO reservation (trainee, lectureroom, lecturedate, lecturestarttime) VALUES  ('luca.giallo@example.com', 'Strength', '2022-05-16', ' 18:00:00');
INSERT INTO reservation (trainee, lectureroom, lecturedate, lecturestarttime) VALUES  ('luca.giallo@example.com', 'Strength', '2022-05-18', ' 18:00:00');
INSERT INTO reservation (trainee, lectureroom, lecturedate, lecturestarttime) VALUES  ('luca.giallo@example.com', 'Strength', '2022-05-23', ' 18:00:00');
INSERT INTO reservation (trainee, lectureroom, lecturedate, lecturestarttime) VALUES  ('luca.giallo@example.com', 'Strength', '2022-05-25', ' 18:00:00');
INSERT INTO reservation (trainee, lectureroom, lecturedate, lecturestarttime) VALUES  ('luca.giallo@example.com', 'Strength', '2022-05-30', ' 18:00:00');
INSERT INTO reservation (trainee, lectureroom, lecturedate, lecturestarttime) VALUES  ('luca.giallo@example.com', 'Strength', '2022-06-01', ' 18:00:00');
INSERT INTO reservation (trainee, lectureroom, lecturedate, lecturestarttime) VALUES  ('luca.giallo@example.com', 'Strength', '2022-06-06', ' 18:00:00');
INSERT INTO reservation (trainee, lectureroom, lecturedate, lecturestarttime) VALUES  ('luca.giallo@example.com', 'Strength', '2022-06-08', ' 18:00:00');
INSERT INTO reservation (trainee, lectureroom, lecturedate, lecturestarttime) VALUES  ('luca.giallo@example.com', 'Strength', '2022-06-13', ' 18:00:00');
INSERT INTO reservation (trainee, lectureroom, lecturedate, lecturestarttime) VALUES  ('luca.giallo@example.com', 'Strength', '2022-06-15', ' 18:00:00');
INSERT INTO reservation (trainee, lectureroom, lecturedate, lecturestarttime) VALUES  ('luca.giallo@example.com', 'Strength', '2022-06-20', ' 18:00:00');
INSERT INTO reservation (trainee, lectureroom, lecturedate, lecturestarttime) VALUES  ('luca.giallo@example.com', 'Strength', '2022-06-22', ' 18:00:00');
INSERT INTO reservation (trainee, lectureroom, lecturedate, lecturestarttime) VALUES  ('luca.giallo@example.com', 'Strength', '2022-06-27', ' 18:00:00');
INSERT INTO reservation (trainee, lectureroom, lecturedate, lecturestarttime) VALUES  ('luca.giallo@example.com', 'Strength', '2022-06-29', ' 18:00:00');

--Stanley Corkery: Books Strength Calisthenics some days
INSERT INTO reservation (trainee, lectureroom, lecturedate, lecturestarttime) VALUES  ('stanley.corkery@example.com', 'Strength', '2022-04-04', ' 18:00:00');
INSERT INTO reservation (trainee, lectureroom, lecturedate, lecturestarttime) VALUES  ('stanley.corkery@example.com', 'Strength', '2022-04-06', ' 18:00:00');
INSERT INTO reservation (trainee, lectureroom, lecturedate, lecturestarttime) VALUES  ('stanley.corkery@example.com', 'Strength', '2022-04-13', ' 18:00:00');
INSERT INTO reservation (trainee, lectureroom, lecturedate, lecturestarttime) VALUES  ('stanley.corkery@example.com', 'Strength', '2022-04-18', ' 18:00:00');
INSERT INTO reservation (trainee, lectureroom, lecturedate, lecturestarttime) VALUES  ('stanley.corkery@example.com', 'Strength', '2022-04-20', ' 18:00:00');
INSERT INTO reservation (trainee, lectureroom, lecturedate, lecturestarttime) VALUES  ('stanley.corkery@example.com', 'Strength', '2022-04-27', ' 18:00:00');
INSERT INTO reservation (trainee, lectureroom, lecturedate, lecturestarttime) VALUES  ('stanley.corkery@example.com', 'Strength', '2022-05-02', ' 18:00:00');
INSERT INTO reservation (trainee, lectureroom, lecturedate, lecturestarttime) VALUES  ('stanley.corkery@example.com', 'Strength', '2022-05-04', ' 18:00:00');
INSERT INTO reservation (trainee, lectureroom, lecturedate, lecturestarttime) VALUES  ('stanley.corkery@example.com', 'Strength', '2022-05-09', ' 18:00:00');
INSERT INTO reservation (trainee, lectureroom, lecturedate, lecturestarttime) VALUES  ('stanley.corkery@example.com', 'Strength', '2022-05-16', ' 18:00:00');
INSERT INTO reservation (trainee, lectureroom, lecturedate, lecturestarttime) VALUES  ('stanley.corkery@example.com', 'Strength', '2022-05-18', ' 18:00:00');
INSERT INTO reservation (trainee, lectureroom, lecturedate, lecturestarttime) VALUES  ('stanley.corkery@example.com', 'Strength', '2022-05-25', ' 18:00:00');
INSERT INTO reservation (trainee, lectureroom, lecturedate, lecturestarttime) VALUES  ('stanley.corkery@example.com', 'Strength', '2022-06-06', ' 18:00:00');
INSERT INTO reservation (trainee, lectureroom, lecturedate, lecturestarttime) VALUES  ('stanley.corkery@example.com', 'Strength', '2022-06-08', ' 18:00:00');
INSERT INTO reservation (trainee, lectureroom, lecturedate, lecturestarttime) VALUES  ('stanley.corkery@example.com', 'Strength', '2022-06-13', ' 18:00:00');
INSERT INTO reservation (trainee, lectureroom, lecturedate, lecturestarttime) VALUES  ('stanley.corkery@example.com', 'Strength', '2022-06-15', ' 18:00:00');
INSERT INTO reservation (trainee, lectureroom, lecturedate, lecturestarttime) VALUES  ('stanley.corkery@example.com', 'Strength', '2022-06-27', ' 18:00:00');
INSERT INTO reservation (trainee, lectureroom, lecturedate, lecturestarttime) VALUES  ('stanley.corkery@example.com', 'Strength', '2022-06-29', ' 18:00:00');

--Cristi Schaden: Books Stamina for Yoga some days
INSERT INTO reservation (trainee, lectureroom, lecturedate, lecturestarttime) VALUES  ('cristi.schaden@example.com', 'Stamina', '2022-04-05', ' 20:00:00');
INSERT INTO reservation (trainee, lectureroom, lecturedate, lecturestarttime) VALUES  ('cristi.schaden@example.com', 'Stamina', '2022-04-07', ' 18:00:00');
INSERT INTO reservation (trainee, lectureroom, lecturedate, lecturestarttime) VALUES  ('cristi.schaden@example.com', 'Stamina', '2022-04-08', ' 20:00:00');
INSERT INTO reservation (trainee, lectureroom, lecturedate, lecturestarttime) VALUES  ('cristi.schaden@example.com', 'Stamina', '2022-04-14', ' 18:00:00');
INSERT INTO reservation (trainee, lectureroom, lecturedate, lecturestarttime) VALUES  ('cristi.schaden@example.com', 'Stamina', '2022-04-15', ' 20:00:00');
INSERT INTO reservation (trainee, lectureroom, lecturedate, lecturestarttime) VALUES  ('cristi.schaden@example.com', 'Stamina', '2022-04-19', ' 20:00:00');
INSERT INTO reservation (trainee, lectureroom, lecturedate, lecturestarttime) VALUES  ('cristi.schaden@example.com', 'Stamina', '2022-04-21', ' 18:00:00');
INSERT INTO reservation (trainee, lectureroom, lecturedate, lecturestarttime) VALUES  ('cristi.schaden@example.com', 'Stamina', '2022-04-26', ' 20:00:00');
INSERT INTO reservation (trainee, lectureroom, lecturedate, lecturestarttime) VALUES  ('cristi.schaden@example.com', 'Stamina', '2022-05-05', ' 18:00:00');
INSERT INTO reservation (trainee, lectureroom, lecturedate, lecturestarttime) VALUES  ('cristi.schaden@example.com', 'Stamina', '2022-05-10', ' 20:00:00');
INSERT INTO reservation (trainee, lectureroom, lecturedate, lecturestarttime) VALUES  ('cristi.schaden@example.com', 'Stamina', '2022-05-17', ' 20:00:00');
INSERT INTO reservation (trainee, lectureroom, lecturedate, lecturestarttime) VALUES  ('cristi.schaden@example.com', 'Stamina', '2022-05-20', ' 20:00:00');
INSERT INTO reservation (trainee, lectureroom, lecturedate, lecturestarttime) VALUES  ('cristi.schaden@example.com', 'Stamina', '2022-05-26', ' 18:00:00');
INSERT INTO reservation (trainee, lectureroom, lecturedate, lecturestarttime) VALUES  ('cristi.schaden@example.com', 'Stamina', '2022-06-09', ' 18:00:00');
INSERT INTO reservation (trainee, lectureroom, lecturedate, lecturestarttime) VALUES  ('cristi.schaden@example.com', 'Stamina', '2022-06-10', ' 20:00:00');
INSERT INTO reservation (trainee, lectureroom, lecturedate, lecturestarttime) VALUES  ('cristi.schaden@example.com', 'Stamina', '2022-06-16', ' 18:00:00');
INSERT INTO reservation (trainee, lectureroom, lecturedate, lecturestarttime) VALUES  ('cristi.schaden@example.com', 'Stamina', '2022-06-21', ' 20:00:00');

--Alonzo Lindgren: Books Stamina for Yoga some days
INSERT INTO reservation (trainee, lectureroom, lecturedate, lecturestarttime) VALUES  ('alonzo.lindgren@example.com', 'Stamina', '2022-04-05', ' 20:00:00');
INSERT INTO reservation (trainee, lectureroom, lecturedate, lecturestarttime) VALUES  ('alonzo.lindgren@example.com', 'Stamina', '2022-04-07', ' 18:00:00');
INSERT INTO reservation (trainee, lectureroom, lecturedate, lecturestarttime) VALUES  ('alonzo.lindgren@example.com', 'Stamina', '2022-04-14', ' 18:00:00');
INSERT INTO reservation (trainee, lectureroom, lecturedate, lecturestarttime) VALUES  ('alonzo.lindgren@example.com', 'Stamina', '2022-04-15', ' 20:00:00');
INSERT INTO reservation (trainee, lectureroom, lecturedate, lecturestarttime) VALUES  ('alonzo.lindgren@example.com', 'Stamina', '2022-04-19', ' 20:00:00');
INSERT INTO reservation (trainee, lectureroom, lecturedate, lecturestarttime) VALUES  ('alonzo.lindgren@example.com', 'Stamina', '2022-04-21', ' 18:00:00');
INSERT INTO reservation (trainee, lectureroom, lecturedate, lecturestarttime) VALUES  ('alonzo.lindgren@example.com', 'Stamina', '2022-04-26', ' 20:00:00');
INSERT INTO reservation (trainee, lectureroom, lecturedate, lecturestarttime) VALUES  ('alonzo.lindgren@example.com', 'Stamina', '2022-05-05', ' 18:00:00');
INSERT INTO reservation (trainee, lectureroom, lecturedate, lecturestarttime) VALUES  ('alonzo.lindgren@example.com', 'Stamina', '2022-05-17', ' 20:00:00');
INSERT INTO reservation (trainee, lectureroom, lecturedate, lecturestarttime) VALUES  ('alonzo.lindgren@example.com', 'Stamina', '2022-05-20', ' 20:00:00');
INSERT INTO reservation (trainee, lectureroom, lecturedate, lecturestarttime) VALUES  ('alonzo.lindgren@example.com', 'Stamina', '2022-06-09', ' 18:00:00');
INSERT INTO reservation (trainee, lectureroom, lecturedate, lecturestarttime) VALUES  ('alonzo.lindgren@example.com', 'Stamina', '2022-06-10', ' 20:00:00');
INSERT INTO reservation (trainee, lectureroom, lecturedate, lecturestarttime) VALUES  ('alonzo.lindgren@example.com', 'Stamina', '2022-06-16', ' 18:00:00');
INSERT INTO reservation (trainee, lectureroom, lecturedate, lecturestarttime) VALUES  ('alonzo.lindgren@example.com', 'Stamina', '2022-06-21', ' 20:00:00');





--Calisthenics
INSERT INTO subscriptiontype (courseeditionid, coursename, duration, cost) VALUES (6, 'Calisthenics', 7, 0);
INSERT INTO subscriptiontype (courseeditionid, coursename, duration, cost) VALUES (6, 'Calisthenics', 30, 40.0);
INSERT INTO subscriptiontype (courseeditionid, coursename, duration, cost) VALUES (6, 'Calisthenics', 90, 100.0);
INSERT INTO subscriptiontype (courseeditionid, coursename, duration, cost) VALUES (6, 'Calisthenics', 180, 160.0);
INSERT INTO subscriptiontype (courseeditionid, coursename, duration, cost) VALUES (6, 'Calisthenics', 365, 250.0);

--Cardio
INSERT INTO subscriptiontype (courseeditionid, coursename, duration, cost) VALUES (2, 'Cardio', 7, 0);
INSERT INTO subscriptiontype (courseeditionid, coursename, duration, cost) VALUES (2, 'Cardio', 30, 40.0);
INSERT INTO subscriptiontype (courseeditionid, coursename, duration, cost) VALUES (2, 'Cardio', 90, 100.0);
INSERT INTO subscriptiontype (courseeditionid, coursename, duration, cost) VALUES (2, 'Cardio', 180, 160.0);
INSERT INTO subscriptiontype (courseeditionid, coursename, duration, cost) VALUES (2, 'Cardio', 365, 250.0);

--Bodybuilding
INSERT INTO subscriptiontype (courseeditionid, coursename, duration, cost) VALUES (5, 'Bodybuilding', 7, 0);
INSERT INTO subscriptiontype (courseeditionid, coursename, duration, cost) VALUES (5, 'Bodybuilding', 30, 60.0);
INSERT INTO subscriptiontype (courseeditionid, coursename, duration, cost) VALUES (5, 'Bodybuilding', 90, 130.0);
INSERT INTO subscriptiontype (courseeditionid, coursename, duration, cost) VALUES (5, 'Bodybuilding', 180, 220.0);
INSERT INTO subscriptiontype (courseeditionid, coursename, duration, cost) VALUES (5, 'Bodybuilding', 365, 340.0);

--Yoga
INSERT INTO subscriptiontype (courseeditionid, coursename, duration, cost) VALUES (3, 'Yoga', 7, 0);
INSERT INTO subscriptiontype (courseeditionid, coursename, duration, cost) VALUES (3, 'Yoga', 30, 50.0);
INSERT INTO subscriptiontype (courseeditionid, coursename, duration, cost) VALUES (3, 'Yoga', 90, 110.0);
INSERT INTO subscriptiontype (courseeditionid, coursename, duration, cost) VALUES (3, 'Yoga', 180, 180.0);
INSERT INTO subscriptiontype (courseeditionid, coursename, duration, cost) VALUES (3, 'Yoga', 365, 280.0);

--Powerlifting
INSERT INTO subscriptiontype (courseeditionid, coursename, duration, cost) VALUES (1, 'Powerlifting', 7, 0);
INSERT INTO subscriptiontype (courseeditionid, coursename, duration, cost) VALUES (1, 'Powerlifting', 30, 40.0);
INSERT INTO subscriptiontype (courseeditionid, coursename, duration, cost) VALUES (1, 'Powerlifting', 90, 100.0);
INSERT INTO subscriptiontype (courseeditionid, coursename, duration, cost) VALUES (1, 'Powerlifting', 180, 160.0);
INSERT INTO subscriptiontype (courseeditionid, coursename, duration, cost) VALUES (1, 'Powerlifting', 365, 250.0);

--Crossfit
INSERT INTO subscriptiontype (courseeditionid, coursename, duration, cost) VALUES (4, 'Crossfit', 7, 0);
INSERT INTO subscriptiontype (courseeditionid, coursename, duration, cost) VALUES (4, 'Crossfit', 30, 50.0);
INSERT INTO subscriptiontype (courseeditionid, coursename, duration, cost) VALUES (4, 'Crossfit', 90, 110.0);
INSERT INTO subscriptiontype (courseeditionid, coursename, duration, cost) VALUES (4, 'Crossfit', 180, 180.0);
INSERT INTO subscriptiontype (courseeditionid, coursename, duration, cost) VALUES (4, 'Crossfit', 365, 280.0);


--subscriptions
INSERT INTO subscription (courseeditionid, coursename, duration, startday, discount, trainee) VALUES (2, 'Cardio', 180, '2022-03-27', 0, 'mario.rossi@example.com');
INSERT INTO subscription (courseeditionid, coursename, duration, startday, discount, trainee) VALUES (2, 'Cardio', 180, '2022-03-02', 0, 'riccardo.bianchi@example.com');
INSERT INTO subscription (courseeditionid, coursename, duration, startday, discount, trainee) VALUES (6, 'Calisthenics', 365, '2022-01-08', 0, 'luca.giallo@example.com');
INSERT INTO subscription (courseeditionid, coursename, duration, startday, discount, trainee) VALUES (6, 'Calisthenics', 180, '2022-02-15', 0, 'stanley.corkery@example.com');
INSERT INTO subscription (courseeditionid, coursename, duration, startday, discount, trainee) VALUES (4, 'Crossfit', 30, '2022-03-27', 0, 'virginia.barrows@example.com');
INSERT INTO subscription (courseeditionid, coursename, duration, startday, discount, trainee) VALUES (1, 'Powerlifting', 90, '2022-01-08', 0, 'sondra.dubuque@example.com');
INSERT INTO subscription (courseeditionid, coursename, duration, startday, discount, trainee) VALUES (1, 'Powerlifting', 90, '2022-01-25', 0, 'bart.collins@example.com');
INSERT INTO subscription (courseeditionid, coursename, duration, startday, discount, trainee) VALUES (3, 'Yoga', 180, '2022-02-03', 0, 'cristi.schaden@example.com');
INSERT INTO subscription (courseeditionid, coursename, duration, startday, discount, trainee) VALUES (3, 'Yoga', 365, '2022-01-14', 0, 'alonzo.lindgren@example.com');
